"DATE";"COUNTY";"VACCINE_COUNT";"NEW_VACCINE_COUNT";"RECIPIENT_COUNT";"NEW_RECIPIENT_COUNT";"RECIP_FULLY_VACC";"NEW_RECIP_FULLY_VACC";"id"
"2020-12-29";"KNOX";7705;1874;"";"";"";"";"20201229_KNOX"
"2021-01-01";"MOORE";50;0;"";"";"";"";"20210101_MOORE"
"2021-01-14";"HAWKINS";3154;197;"2898";"179";"255";"18";"20210114_HAWKINS"
"2021-01-21";"SCOTT";2067;131;"1792";"72";"275";"59";"20210121_SCOTT"
"2021-01-25";"DICKSON";3350;152;"2589";"65";"759";"88";"20210125_DICKSON"
"2021-02-06";"MCNAIRY";4387;175;"3119";"31";"1259";"141";"20210206_MCNAIRY"
"2021-02-07";"MONROE";4358;16;"2873";"13";"1472";"3";"20210207_MONROE"
"2021-04-03";"DYER";12174;119;"7457";"66";"4786";"64";"20210403_DYER"
"2021-04-12";"CARTER";22914;107;"13821";"71";"9338";"45";"20210412_CARTER"
"2021-05-11";"MORGAN";14342;61;"7992";"22";"6811";"44";"20210511_MORGAN"
"2021-05-17";"CARROLL";17147;9;"9376";"4";"7953";"5";"20210517_CARROLL"
"2021-05-18";"OUT OF STATE";157460;1317;"96736";"791";"67113";"590";"20210518_OUT OF STATE"
"2021-05-20";"HOUSTON";4359;50;"2419";"39";"2042";"20";"20210520_HOUSTON"
"2021-05-29";"MONROE";26517;85;"14937";"31";"13273";"56";"20210529_MONROE"
"2021-06-03";"GILES";15381;48;"8261";"13";"7322";"36";"20210603_GILES"
"2021-06-03";"MEIGS";11273;34;"6110";"13";"5371";"17";"20210603_MEIGS"
"2020-12-30";"DYER";532;179;"";"";"";"";"20201230_DYER"
"2021-02-09";"GRUNDY";1043;22;"692";"22";"350";"0";"20210209_GRUNDY"
"2021-02-11";"LINCOLN";4122;62;"3069";"23";"1049";"39";"20210211_LINCOLN"
"2021-02-13";"WILSON";19164;874;"13663";"573";"5456";"297";"20210213_WILSON"
"2021-02-24";"LEWIS";2128;90;"1379";"66";"749";"24";"20210224_LEWIS"
"2021-03-16";"WILLIAMSON";82984;2188;"54199";"1603";"29030";"633";"20210316_WILLIAMSON"
"2021-03-17";"JOHNSON";5034;74;"3323";"72";"1976";"3";"20210317_JOHNSON"
"2021-04-13";"DICKSON";22304;323;"14452";"135";"8266";"193";"20210413_DICKSON"
"2021-04-17";"WEAKLEY";13047;111;"7679";"26";"5355";"82";"20210417_WEAKLEY"
"2021-04-21";"SUMNER";87403;1659;"53823";"501";"34922";"1132";"20210421_SUMNER"
"2021-05-13";"FRANKLIN";22185;161;"12263";"53";"10019";"120";"20210513_FRANKLIN"
"2020-12-24";"BRADLEY";341;104;"";"";"";"";"20201224_BRADLEY"
"2020-12-28";"HENRY";337;2;"";"";"";"";"20201228_HENRY"
"2020-12-30";"JACKSON";267;137;"";"";"";"";"20201230_JACKSON"
"2021-01-29";"BENTON";2086;88;"1645";"68";"440";"20";"20210129_BENTON"
"2021-02-01";"CUMBERLAND";8883;139;"5640";"7";"3235";"132";"20210201_CUMBERLAND"
"2021-02-19";"MCMINN";6723;336;"4646";"108";"2070";"228";"20210219_MCMINN"
"2021-02-19";"RHEA";5032;178;"3198";"95";"1830";"83";"20210219_RHEA"
"2021-04-05";"COFFEE";20906;302;"13486";"88";"7524";"218";"20210405_COFFEE"
"2021-04-10";"TIPTON";19368;375;"12720";"237";"7220";"180";"20210410_TIPTON"
"2021-04-13";"BLOUNT";68076;1201;"43016";"656";"26817";"682";"20210413_BLOUNT"
"2021-04-16";"RUTHERFORD";131166;2871;"84473";"1427";"53291";"1445";"20210416_RUTHERFORD"
"2021-04-28";"CUMBERLAND";36728;414;"20779";"29";"17087";"383";"20210428_CUMBERLAND"
"2021-04-29";"ROBERTSON";37910;359;"22414";"134";"15972";"228";"20210429_ROBERTSON"
"2021-05-07";"HUMPHREYS";9102;36;"5060";"16";"4249";"21";"20210507_HUMPHREYS"
"2021-05-13";"GRUNDY";4443;37;"2483";"12";"2085";"28";"20210513_GRUNDY"
"2020-12-19";"POLK";3;2;"";"";"";"";"20201219_POLK"
"2021-01-13";"COFFEE";1450;239;"1415";"234";"35";"";"20210113_COFFEE"
"2021-01-25";"JOHNSON";1104;94;"938";"19";"166";"75";"20210125_JOHNSON"
"2021-01-30";"WILLIAMSON";25714;1228;"18188";"878";"7478";"345";"20210130_WILLIAMSON"
"2021-03-03";"BLOUNT";30180;753;"19679";"224";"10454";"526";"20210303_BLOUNT"
"2021-04-16";"SMITH";6704;106;"4053";"28";"2738";"77";"20210416_SMITH"
"2021-04-29";"UNION";8432;96;"4926";"26";"3690";"68";"20210429_UNION"
"2021-05-03";"MONTGOMERY";77737;308;"45124";"115";"32627";"175";"20210503_MONTGOMERY"
"2021-05-13";"HAWKINS";31489;123;"16994";"45";"14891";"91";"20210513_HAWKINS"
"2021-05-13";"PUTNAM";52806;277;"28557";"79";"25287";"199";"20210513_PUTNAM"
"2020-12-23";"CLAIBORNE";145;90;"";"";"";"";"20201223_CLAIBORNE"
"2020-12-28";"HICKMAN";157;7;"";"";"";"";"20201228_HICKMAN"
"2021-01-12";"MACON";814;52;"799";"51";"";"";"20210112_MACON"
"2021-01-29";"MOORE";348;44;"304";"33";"44";"11";"20210129_MOORE"
"2021-02-08";"SMITH";2151;23;"1482";"20";"669";"3";"20210208_SMITH"
"2021-02-11";"BEDFORD";5138;151;"3998";"126";"1125";"23";"20210211_BEDFORD"
"2021-02-11";"MARION";3977;134;"2743";"121";"1230";"12";"20210211_MARION"
"2021-02-19";"ROANE";7311;178;"5124";"121";"2184";"56";"20210219_ROANE"
"2021-02-21";"SMITH";2736;88;"1807";"12";"926";"74";"20210221_SMITH"
"2021-02-22";"WARREN";6634;78;"4523";"12";"2108";"66";"20210222_WARREN"
"2021-04-16";"SEQUATCHIE";4579;46;"2837";"12";"1763";"34";"20210416_SEQUATCHIE"
"2021-04-24";"SULLIVAN";98481;479;"55971";"163";"45253";"303";"20210424_SULLIVAN"
"2021-04-28";"DEKALB";9381;77;"5440";"25";"4089";"53";"20210428_DEKALB"
"2021-04-29";"MOORE";1746;19;"1035";"1";"719";"18";"20210429_MOORE"
"2021-05-03";"STEWART";6507;14;"3702";"6";"2874";"8";"20210503_STEWART"
"2021-05-07";"ROBERTSON";41445;283;"23087";"102";"18861";"191";"20210507_ROBERTSON"
"2021-05-13";"GREENE";41662;147;"22478";"55";"19627";"96";"20210513_GREENE"
"2021-05-22";"WARREN";21902;67;"12084";"33";"10413";"35";"20210522_WARREN"
"2021-05-25";"HAMBLEN";35072;155;"19313";"71";"16688";"97";"20210525_HAMBLEN"
"2021-05-26";"MONTGOMERY";94753;552;"52278";"322";"42832";"242";"20210526_MONTGOMERY"
"2020-12-26";"COFFEE";257;0;"";"";"";"";"20201226_COFFEE"
"2021-01-15";"HOUSTON";530;30;"521";"30";"9";"0";"20210115_HOUSTON"
"2021-02-25";"CROCKETT";3634;80;"2155";"58";"1459";"18";"20210225_CROCKETT"
"2021-02-28";"MONROE";7993;66;"5632";"65";"2338";"1";"20210228_MONROE"
"2021-03-17";"MARSHALL";10749;119;"7091";"71";"3638";"48";"20210317_MARSHALL"
"2021-03-18";"DAVIDSON";217486;5618;"142345";"3163";"75677";"2604";"20210318_DAVIDSON"
"2021-03-20";"CARROLL";10801;148;"6677";"131";"4110";"22";"20210320_CARROLL"
"2021-04-26";"OUT OF STATE";133389;704;"86427";"348";"52465";"351";"20210426_OUT OF STATE"
"2021-04-29";"OUT OF STATE";137629;1504;"88141";"547";"55029";"996";"20210429_OUT OF STATE"
"2021-04-30";"MARSHALL";19298;238;"11398";"56";"8095";"183";"20210430_MARSHALL"
"2021-05-27";"CLAY";3674;12;"1974";"8";"1710";"5";"20210527_CLAY"
"2020-12-30";"JEFFERSON";827;180;"";"";"";"";"20201230_JEFFERSON"
"2021-02-09";"HAWKINS";7748;68;"5252";"46";"2484";"22";"20210209_HAWKINS"
"2021-02-13";"WASHINGTON";33902;840;"20817";"289";"12989";"545";"20210213_WASHINGTON"
"2021-02-23";"MONROE";6684;187;"4477";"145";"2189";"38";"20210223_MONROE"
"2021-04-09";"PERRY";3393;31;"2029";"21";"1366";"11";"20210409_PERRY"
"2021-04-15";"SEVIER";41269;884;"26956";"263";"15653";"598";"20210415_SEVIER"
"2021-04-23";"POLK";8062;72;"4754";"10";"3458";"58";"20210423_POLK"
"2021-04-30";"LOUDON";43078;345;"24708";"117";"19940";"230";"20210430_LOUDON"
"2021-05-03";"SEVIER";51121;148;"30039";"58";"22367";"89";"20210503_SEVIER"
"2021-05-15";"SHELBY";595844;9001;"342542";"3162";"260434";"5828";"20210515_SHELBY"
"2021-05-28";"HUMPHREYS";9923;40;"5422";"13";"4698";"27";"20210528_HUMPHREYS"
"2021-05-28";"JEFFERSON";37807;131;"20624";"65";"17888";"73";"20210528_JEFFERSON"
"2021-05-30";"MACON";9791;25;"5285";"12";"4624";"11";"20210530_MACON"
"2021-06-01";"BENTON";10725;6;"5759";"0";"4951";"6";"20210601_BENTON"
"2021-06-01";"CROCKETT";8642;12;"4644";"7";"4128";"4";"20210601_CROCKETT"
"2021-06-02";"TIPTON";28890;42;"16024";"5";"13564";"38";"20210602_TIPTON"
"2020-12-25";"CHEATHAM";305;35;"";"";"";"";"20201225_CHEATHAM"
"2020-12-27";"HAYWOOD";130;5;"";"";"";"";"20201227_HAYWOOD"
"2020-12-29";"HUMPHREYS";170;28;"";"";"";"";"20201229_HUMPHREYS"
"2021-01-25";"KNOX";35540;1208;"26195";"648";"9293";"574";"20210125_KNOX"
"2021-02-04";"BLEDSOE";1401;42;"890";"11";"509";"31";"20210204_BLEDSOE"
"2021-02-11";"DICKSON";6754;199;"4912";"167";"1835";"32";"20210211_DICKSON"
"2021-02-14";"SMITH";2600;14;"1772";"9";"827";"5";"20210214_SMITH"
"2021-04-24";"MCMINN";22221;140;"13545";"62";"9251";"74";"20210424_MCMINN"
"2021-04-28";"CLAY";3279;23;"1801";"10";"1481";"13";"20210428_CLAY"
"2021-04-29";"OVERTON";9589;41;"5464";"19";"4238";"16";"20210429_OVERTON"
"2021-04-30";"SUMNER";96542;1227;"56737";"316";"41098";"918";"20210430_SUMNER"
"2021-05-10";"TROUSDALE";4979;13;"2886";"6";"2519";"7";"20210510_TROUSDALE"
"2021-05-15";"STEWART";7172;50;"3870";"18";"3367";"33";"20210515_STEWART"
"2021-05-18";"GREENE";42422;188;"22921";"108";"19951";"83";"20210518_GREENE"
"2021-05-22";"UNION";9704;24;"5308";"17";"4592";"7";"20210522_UNION"
"2021-05-26";"RHEA";18047;118;"10441";"37";"9194";"80";"20210526_RHEA"
"2020-12-26";"CROCKETT";162;0;"";"";"";"";"20201226_CROCKETT"
"2021-02-17";"TIPTON";6228;22;"4432";"15";"1784";"7";"20210217_TIPTON"
"2021-02-22";"WASHINGTON";37678;224;"22567";"123";"14973";"101";"20210222_WASHINGTON"
"2021-04-10";"DYER";13041;154;"7922";"76";"5260";"95";"20210410_DYER"
"2021-04-14";"MORGAN";11120;215;"7115";"54";"4416";"164";"20210414_MORGAN"
"2021-04-15";"SHELBY";458634;6931;"290545";"3092";"175586";"3826";"20210415_SHELBY"
"2021-04-16";"SEVIER";42185;916;"27307";"351";"16203";"550";"20210416_SEVIER"
"2021-04-27";"OUT OF STATE";134662;1273;"86967";"540";"53188";"723";"20210427_OUT OF STATE"
"2021-05-08";"HARDEMAN";13304;94;"7647";"38";"6078";"57";"20210508_HARDEMAN"
"2021-05-14";"SHELBY";586843;9554;"339380";"3886";"254606";"5641";"20210514_SHELBY"
"2021-05-17";"BLOUNT";93151;110;"50466";"25";"44606";"85";"20210517_BLOUNT"
"2021-05-22";"MADISON";84661;217;"45658";"115";"39797";"108";"20210522_MADISON"
"2021-05-25";"WILLIAMSON";217024;1110;"117802";"558";"102864";"536";"20210525_WILLIAMSON"
"2020-12-18";"FENTRESS";1;0;"";"";"";"";"20201218_FENTRESS"
"2020-12-26";"CUMBERLAND";463;0;"";"";"";"";"20201226_CUMBERLAND"
"2021-01-20";"FRANKLIN";1997;72;"1939";"56";"57";"16";"20210120_FRANKLIN"
"2021-02-23";"WILSON";20908;463;"14543";"191";"6329";"267";"20210223_WILSON"
"2021-03-01";"PICKETT";1415;9;"955";"9";"459";"0";"20210301_PICKETT"
"2021-03-05";"SEQUATCHIE";2542;59;"1687";"34";"852";"25";"20210305_SEQUATCHIE"
"2021-03-06";"SHELBY";178343;5371;"120741";"2558";"56986";"2783";"20210306_SHELBY"
"2021-03-06";"WILSON";30970;1310;"19704";"978";"11140";"329";"20210306_WILSON"
"2021-04-16";"SHELBY";465943;7309;"293379";"2834";"179998";"4412";"20210416_SHELBY"
"2021-05-09";"PUTNAM";51983;89;"28263";"34";"24755";"70";"20210509_PUTNAM"
"2021-05-18";"SEQUATCHIE";5531;21;"3066";"9";"2481";"12";"20210518_SEQUATCHIE"
"2021-05-23";"HICKMAN";13285;20;"7290";"11";"6387";"9";"20210523_HICKMAN"
"2021-05-28";"LAUDERDALE";14193;24;"7852";"6";"6731";"18";"20210528_LAUDERDALE"
"2021-06-02";"UNION";9920;20;"5413";"7";"4704";"12";"20210602_UNION"
"2020-12-26";"DAVIDSON";7228;0;"";"";"";"";"20201226_DAVIDSON"
"2021-01-10";"KNOX";17678;77;"16081";"18";"";"";"20210110_KNOX"
"2021-02-24";"MADISON";24112;687;"14497";"288";"9524";"383";"20210224_MADISON"
"2021-02-27";"MCNAIRY";6441;234;"4237";"118";"2185";"114";"20210227_MCNAIRY"
"2021-03-01";"POLK";3041;25;"2051";"9";"985";"15";"20210301_POLK"
"2021-03-06";"SMITH";3762;90;"2349";"24";"1396";"62";"20210306_SMITH"
"2021-03-12";"GILES";6827;222;"4373";"129";"2450";"93";"20210312_GILES"
"2021-03-13";"UNICOI";7090;61;"4254";"41";"2820";"21";"20210313_UNICOI"
"2021-03-20";"CARTER";17353;224;"10644";"125";"6743";"98";"20210320_CARTER"
"2021-03-22";"PERRY";2690;7;"1741";"4";"940";"2";"20210322_PERRY"
"2021-04-16";"UNICOI";10526;117;"6226";"21";"4416";"96";"20210416_UNICOI"
"2021-04-18";"JACKSON";5901;14;"3609";"9";"2356";"5";"20210418_JACKSON"
"2021-04-25";"RHEA";15019;29;"9268";"18";"7129";"11";"20210425_RHEA"
"2021-05-05";"MARSHALL";20134;314;"11586";"70";"8761";"271";"20210505_MARSHALL"
"2021-05-14";"SMITH";8249;39;"4480";"12";"3830";"26";"20210514_SMITH"
"2021-05-22";"VAN BUREN";4419;10;"2371";"4";"2132";"6";"20210522_VAN BUREN"
"2021-05-24";"ROBERTSON";45707;84;"24743";"46";"21595";"44";"20210524_ROBERTSON"
"2021-02-09";"HAYWOOD";2648;26;"1919";"20";"722";"6";"20210209_HAYWOOD"
"2021-02-20";"CLAY";1153;5;"779";"2";"373";"3";"20210220_CLAY"
"2021-03-29";"WARREN";13825;209;"8753";"17";"5203";"193";"20210329_WARREN"
"2021-04-09";"PICKETT";2664;24;"1610";"9";"1175";"17";"20210409_PICKETT"
"2021-04-12";"BLEDSOE";4358;15;"2948";"11";"1746";"7";"20210412_BLEDSOE"
"2021-05-01";"RHEA";15797;97;"9565";"81";"7631";"21";"20210501_RHEA"
"2021-05-17";"OBION";15204;13;"8178";"5";"6901";"8";"20210517_OBION"
"2021-05-18";"RUTHERFORD";192105;2018;"109063";"885";"90449";"1213";"20210518_RUTHERFORD"
"2021-06-01";"BLEDSOE";6839;10;"3906";"3";"3334";"8";"20210601_BLEDSOE"
"2021-06-01";"UNICOI";13411;13;"7151";"7";"6351";"5";"20210601_UNICOI"
"2021-06-04";"BENTON";10879;91;"5820";"41";"5032";"50";"20210604_BENTON"
"2020-12-18";"FRANKLIN";2;0;"";"";"";"";"20201218_FRANKLIN"
"2020-12-23";"CLAY";26;24;"";"";"";"";"20201223_CLAY"
"2021-01-07";"DECATUR";511;6;"510";"5";"";"";"20210107_DECATUR"
"2021-01-20";"GIBSON";3544;294;"3038";"157";"505";"137";"20210120_GIBSON"
"2021-02-01";"DAVIDSON";72489;1952;"49469";"1212";"22897";"731";"20210201_DAVIDSON"
"2021-03-20";"LAKE";1933;11;"1253";"10";"785";"2";"20210320_LAKE"
"2021-03-26";"OBION";9931;115;"6091";"43";"3797";"72";"20210326_OBION"
"2021-04-02";"LAWRENCE";13735;263;"8758";"174";"4976";"90";"20210402_LAWRENCE"
"2021-04-05";"PICKETT";2518;33;"1570";"9";"1063";"27";"20210405_PICKETT"
"2021-04-10";"TROUSDALE";4071;71;"2603";"41";"1865";"43";"20210410_TROUSDALE"
"2021-04-18";"HUMPHREYS";7754;8;"4721";"5";"3238";"3";"20210418_HUMPHREYS"
"2021-04-21";"WILLIAMSON";163078;3507;"100658";"1197";"65602";"2272";"20210421_WILLIAMSON"
"2021-04-22";"DEKALB";9040;50;"5328";"26";"3861";"23";"20210422_DEKALB"
"2021-04-22";"MORGAN";12239;195;"7475";"61";"5181";"132";"20210422_MORGAN"
"2021-04-28";"COCKE";21471;396;"12320";"80";"9799";"313";"20210428_COCKE"
"2021-04-30";"MACON";8612;47;"4864";"20";"3854";"35";"20210430_MACON"
"2021-05-06";"BRADLEY";49949;803;"28608";"168";"22404";"637";"20210506_BRADLEY"
"2021-05-17";"PUTNAM";53605;71;"28892";"47";"25765";"24";"20210517_PUTNAM"
"2021-05-19";"LAKE";3572;4;"2134";"3";"1654";"4";"20210519_LAKE"
"2021-05-25";"WILSON";97302;373;"53075";"184";"46111";"214";"20210525_WILSON"
"2021-05-29";"LAUDERDALE";14214;21;"7864";"12";"6740";"9";"20210529_LAUDERDALE"
"2021-05-29";"OVERTON";10991;17;"5845";"9";"5269";"7";"20210529_OVERTON"
"2020-12-30";"JOHNSON";225;134;"";"";"";"";"20201230_JOHNSON"
"2021-01-16";"MCMINN";1905;9;"1862";"8";"43";"1";"20210116_MCMINN"
"2021-03-31";"WASHINGTON";67375;1654;"42425";"1196";"25042";"469";"20210331_WASHINGTON"
"2021-04-02";"TIPTON";17007;307;"11307";"240";"6034";"132";"20210402_TIPTON"
"2021-04-20";"CAMPBELL";18049;112;"11009";"44";"7559";"66";"20210420_CAMPBELL"
"2021-04-24";"ANDERSON";48717;437;"29400";"155";"20206";"280";"20210424_ANDERSON"
"2021-04-26";"OVERTON";9418;79;"5418";"6";"4116";"73";"20210426_OVERTON"
"2021-05-06";"CAMPBELL";20426;220;"11600";"34";"9352";"188";"20210506_CAMPBELL"
"2021-05-07";"ANDERSON";54933;596;"30723";"98";"25143";"502";"20210507_ANDERSON"
"2021-05-20";"HUMPHREYS";9720;82;"5339";"47";"4584";"33";"20210520_HUMPHREYS"
"2021-05-22";"COCKE";24342;109;"13253";"42";"11707";"47";"20210522_COCKE"
"2020-12-30";"KNOX";9276;1571;"";"";"";"";"20201230_KNOX"
"2021-02-18";"MACON";3221;7;"2207";"5";"1006";"2";"20210218_MACON"
"2021-02-20";"COCKE";5618;246;"3979";"113";"1630";"133";"20210220_COCKE"
"2021-03-18";"DEKALB";5851;62;"3833";"47";"2019";"13";"20210318_DEKALB"
"2021-03-20";"CHEATHAM";11824;174;"7945";"135";"3890";"48";"20210320_CHEATHAM"
"2021-03-29";"LINCOLN";10842;91;"6771";"76";"4059";"14";"20210329_LINCOLN"
"2021-05-01";"GREENE";38904;166;"21899";"61";"17385";"108";"20210501_GREENE"
"2021-05-26";"HAYWOOD";11388;52;"6288";"24";"5268";"28";"20210526_HAYWOOD"
"2021-01-03";"JEFFERSON";1329;0;"";"";"";"";"20210103_JEFFERSON"
"2021-01-05";"LOUDON";1547;312;"1543";"";"";"";"20210105_LOUDON"
"2021-01-16";"MCNAIRY";1694;37;"1627";"36";"67";"1";"20210116_MCNAIRY"
"2021-01-30";"FAYETTE";5040;187;"3492";"166";"1547";"21";"20210130_FAYETTE"
"2021-02-08";"STEWART";1561;5;"1139";"3";"421";"2";"20210208_STEWART"
"2021-03-05";"SEVIER";17631;891;"11187";"185";"6394";"707";"20210305_SEVIER"
"2021-03-18";"WILSON";40389;858;"26467";"641";"13920";"231";"20210318_WILSON"
"2021-03-30";"PERRY";3055;57;"1868";"11";"1179";"45";"20210330_PERRY"
"2021-04-02";"HAWKINS";21892;434;"13678";"131";"8377";"316";"20210402_HAWKINS"
"2021-04-05";"HICKMAN";8570;128;"5505";"37";"3241";"95";"20210405_HICKMAN"
"2021-04-24";"BEDFORD";19171;109;"11314";"49";"8094";"60";"20210424_BEDFORD"
"2021-05-02";"FENTRESS";7506;1;"4187";"-1";"3427";"2";"20210502_FENTRESS"
"2021-05-21";"BLOUNT";94858;546;"51302";"164";"45509";"391";"20210521_BLOUNT"
"2021-05-30";"RUTHERFORD";205931;736;"115733";"336";"97977";"450";"20210530_RUTHERFORD"
"2021-05-30";"SEQUATCHIE";6584;4;"3610";"0";"3076";"4";"20210530_SEQUATCHIE"
"2021-06-03";"GIBSON";28434;101;"15166";"26";"13426";"71";"20210603_GIBSON"
"2021-06-04";"BLEDSOE";6900;31;"3935";"18";"3370";"13";"20210604_BLEDSOE"
"2020-12-24";"CAMPBELL";242;110;"";"";"";"";"20201224_CAMPBELL"
"2021-01-03";"JOHNSON";491;0;"";"";"";"";"20210103_JOHNSON"
"2021-01-08";"LEWIS";546;10;"540";"6";"";"";"20210108_LEWIS"
"2021-01-09";"STEWART";457;5;"453";"5";"";"";"20210109_STEWART"
"2021-01-23";"WILLIAMSON";18988;544;"13798";"488";"5151";"56";"20210123_WILLIAMSON"
"2021-01-27";"SUMNER";12461;514;"9023";"369";"3429";"144";"20210127_SUMNER"
"2021-01-29";"BLEDSOE";1038;105;"788";"15";"250";"90";"20210129_BLEDSOE"
"2021-03-13";"UNION";3896;110;"2615";"71";"1284";"40";"20210313_UNION"
"2021-03-20";"CHESTER";4922;60;"3108";"43";"1802";"15";"20210320_CHESTER"
"2021-03-20";"PERRY";2680;34;"1737";"33";"935";"1";"20210320_PERRY"
"2021-04-03";"HAWKINS";22078;186;"13815";"137";"8451";"74";"20210403_HAWKINS"
"2021-04-18";"MARSHALL";17333;72;"10685";"35";"6861";"37";"20210418_MARSHALL"
"2021-04-19";"MCMINN";20934;255;"13180";"78";"8386";"176";"20210419_MCMINN"
"2021-05-05";"MAURY";69853;1009;"39343";"221";"31115";"793";"20210505_MAURY"
"2021-05-12";"SEVIER";55270;291;"31584";"89";"25101";"200";"20210512_SEVIER"
"2021-05-19";"BLOUNT";93813;255;"50810";"108";"44938";"154";"20210519_BLOUNT"
"2021-05-26";"ROANE";31794;123;"17389";"80";"15416";"61";"20210526_ROANE"
"2020-12-27";"HENDERSON";313;15;"";"";"";"";"20201227_HENDERSON"
"2021-01-07";"DEKALB";580;40;"579";"40";"";"";"20210107_DEKALB"
"2021-02-13";"WAYNE";3259;82;"2184";"29";"1073";"53";"20210213_WAYNE"
"2021-02-27";"MEIGS";3210;91;"2159";"39";"1048";"52";"20210227_MEIGS"
"2021-02-28";"COFFEE";10810;116;"7250";"112";"3534";"4";"20210228_COFFEE"
"2021-03-21";"UNICOI";7855;43;"4756";"39";"3102";"7";"20210321_UNICOI"
"2021-03-30";"CLAIBORNE";12611;159;"8015";"59";"4756";"101";"20210330_CLAIBORNE"
"2021-04-02";"TROUSDALE";3541;96;"2273";"55";"1483";"54";"20210402_TROUSDALE"
"2021-04-14";"OBION";12284;177;"7336";"77";"4915";"95";"20210414_OBION"
"2021-04-24";"BENTON";9104;35;"5188";"6";"3930";"28";"20210424_BENTON"
"2021-05-04";"HARDEMAN";12774;94;"7455";"29";"5737";"67";"20210504_HARDEMAN"
"2021-05-08";"CUMBERLAND";38607;268;"21185";"62";"18584";"217";"20210508_CUMBERLAND"
"2021-05-19";"COCKE";23884;81;"13059";"39";"11503";"41";"20210519_COCKE"
"2021-05-31";"GREENE";43770;21;"23692";"7";"20609";"14";"20210531_GREENE"
"2020-12-23";"COCKE";114;53;"";"";"";"";"20201223_COCKE"
"2020-12-28";"HOUSTON";66;0;"";"";"";"";"20201228_HOUSTON"
"2020-12-31";"LINCOLN";339;12;"";"";"";"";"20201231_LINCOLN"
"2021-01-26";"OBION";2117;138;"1830";"96";"286";"42";"20210126_OBION"
"2021-04-05";"HOUSTON";3090;37;"1950";"11";"1169";"26";"20210405_HOUSTON"
"2021-05-11";"WILLIAMSON";198352;1630;"109324";"426";"92423";"1242";"20210511_WILLIAMSON"
"2021-05-19";"LAUDERDALE";13839;69;"7684";"40";"6533";"27";"20210519_LAUDERDALE"
"2021-05-23";"HUMPHREYS";9790;6;"5366";"2";"4627";"4";"20210523_HUMPHREYS"
"2021-05-29";"LAWRENCE";21261;45;"11410";"23";"9932";"24";"20210529_LAWRENCE"
"2021-06-03";"MARSHALL";22895;57;"12678";"18";"10600";"42";"20210603_MARSHALL"
"2021-01-26";"WASHINGTON";18180;312;"13752";"257";"4413";"55";"20210126_WASHINGTON"
"2021-01-27";"TIPTON";3421;212;"2799";"134";"617";"77";"20210127_TIPTON"
"2021-01-30";"WILSON";11194;480;"7968";"343";"3214";"137";"20210130_WILSON"
"2021-02-11";"MADISON";21395;399;"12945";"167";"8408";"231";"20210211_MADISON"
"2021-03-07";"HAYWOOD";4617;37;"2884";"15";"1723";"22";"20210307_HAYWOOD"
"2021-03-09";"SEQUATCHIE";2668;63;"1769";"35";"895";"27";"20210309_SEQUATCHIE"
"2021-03-15";"GRUNDY";2295;17;"1508";"3";"790";"14";"20210315_GRUNDY"
"2021-04-02";"GRAINGER";10051;164;"6399";"105";"3771";"71";"20210402_GRAINGER"
"2021-04-18";"WILLIAMSON";155583;745;"98049";"277";"60793";"465";"20210418_WILLIAMSON"
"2021-04-22";"OBION";13176;121;"7640";"34";"5484";"84";"20210422_OBION"
"2021-04-30";"MADISON";75756;606;"42863";"129";"33567";"475";"20210430_MADISON"
"2021-05-10";"GREENE";41272;96;"22328";"39";"19385";"62";"20210510_GREENE"
"2021-05-19";"CHEATHAM";25706;146;"13941";"76";"12034";"81";"20210519_CHEATHAM"
"2020-12-26";"DECATUR";106;0;"";"";"";"";"20201226_DECATUR"
"2021-01-03";"KNOX";11281;4;"";"";"";"";"20210103_KNOX"
"2021-01-09";"SULLIVAN";9883;338;"8864";"177";"";"";"20210109_SULLIVAN"
"2021-01-15";"WILLIAMSON";13036;712;"10638";"553";"2373";"158";"20210115_WILLIAMSON"
"2021-01-17";"GIBSON";3072;32;"2830";"32";"241";"0";"20210117_GIBSON"
"2021-01-20";"GILES";1340;62;"1215";"61";"125";"1";"20210120_GILES"
"2021-03-16";"HAMILTON";117243;3825;"78267";"2661";"40407";"1337";"20210316_HAMILTON"
"2021-03-20";"POLK";4834;170;"3206";"43";"1646";"128";"20210320_POLK"
"2021-04-06";"WEAKLEY";11348;75;"6911";"29";"4411";"45";"20210406_WEAKLEY"
"2021-04-15";"SULLIVAN";88069;1144;"52793";"404";"38171";"727";"20210415_SULLIVAN"
"2021-04-17";"COCKE";19239;101;"11806";"38";"8113";"57";"20210417_COCKE"
"2021-05-16";"MONTGOMERY";89007;432;"49039";"267";"40142";"218";"20210516_MONTGOMERY"
"2021-05-19";"BRADLEY";54454;278;"30126";"151";"25518";"136";"20210519_BRADLEY"
"2021-05-29";"CHEATHAM";26660;84;"14427";"41";"12557";"43";"20210529_CHEATHAM"
"2021-05-31";"GRUNDY";4700;2;"2600";"0";"2250";"1";"20210531_GRUNDY"
"2021-06-01";"UNION";9900;2;"5406";"1";"4692";"1";"20210601_UNION"
"2021-02-05";"DICKSON";5664;548;"4059";"345";"1598";"202";"20210205_DICKSON"
"2021-02-05";"OBION";3916;256;"2963";"162";"950";"94";"20210205_OBION"
"2021-03-30";"PICKETT";2334;34;"1431";"15";"954";"19";"20210330_PICKETT"
"2021-04-17";"SEVIER";42831;646;"27587";"280";"16564";"361";"20210417_SEVIER"
"2021-05-01";"GRUNDY";4161;33;"2410";"26";"1866";"9";"20210501_GRUNDY"
"2021-05-13";"FENTRESS";7958;36;"4305";"11";"3774";"28";"20210513_FENTRESS"
"2021-05-15";"CUMBERLAND";39898;194;"21662";"78";"19546";"132";"20210515_CUMBERLAND"
"2021-05-18";"MONTGOMERY";89985;770;"49610";"444";"40606";"356";"20210518_MONTGOMERY"
"2021-02-06";"OBION";4110;194;"3059";"96";"1047";"97";"20210206_OBION"
"2021-02-10";"DYER";5421;310;"3696";"35";"1711";"271";"20210210_DYER"
"2021-03-23";"SEQUATCHIE";3388;62;"2241";"55";"1153";"8";"20210323_SEQUATCHIE"
"2021-04-03";"HAYWOOD";7281;49;"4655";"29";"2754";"28";"20210403_HAYWOOD"
"2021-04-03";"RHEA";12180;71;"7921";"58";"5238";"40";"20210403_RHEA"
"2021-04-15";"SUMNER";80821;1305;"51621";"604";"30626";"700";"20210415_SUMNER"
"2021-04-17";"SHELBY";470708;4765;"295208";"1829";"182979";"2981";"20210417_SHELBY"
"2021-05-08";"SULLIVAN";107036;678;"58765";"229";"51201";"488";"20210508_SULLIVAN"
"2021-05-19";"WEAKLEY";15931;108;"8525";"48";"7331";"61";"20210519_WEAKLEY"
"2021-05-21";"JACKSON";7511;33;"4063";"10";"3504";"23";"20210521_JACKSON"
"2021-05-23";"RUTHERFORD";199015;865;"112451";"443";"94133";"430";"20210523_RUTHERFORD"
"2021-05-25";"CUMBERLAND";41246;94;"22211";"36";"20375";"58";"20210525_CUMBERLAND"
"2021-05-30";"SEVIER";61525;127;"34292";"51";"28796";"82";"20210530_SEVIER"
"2021-06-02";"TROUSDALE";5322;5;"3044";"3";"2718";"3";"20210602_TROUSDALE"
"2021-02-07";"GREENE";10118;17;"7411";"11";"2697";"6";"20210207_GREENE"
"2021-03-31";"ROBERTSON";25740;809;"16932";"451";"9109";"363";"20210331_ROBERTSON"
"2021-04-06";"CROCKETT";6369;29;"3904";"10";"2573";"17";"20210406_CROCKETT"
"2021-05-14";"HICKMAN";12823;71;"7096";"28";"6097";"38";"20210514_HICKMAN"
"2021-05-16";"MONROE";25315;52;"14375";"32";"12565";"23";"20210516_MONROE"
"2021-05-17";"RHEA";17316;23;"10125";"6";"8756";"15";"20210517_RHEA"
"2021-05-19";"WILSON";94711;330;"51685";"168";"44779";"185";"20210519_WILSON"
"2021-05-20";"OUT OF STATE";159831;1366;"98214";"898";"68084";"523";"20210520_OUT OF STATE"
"2021-05-27";"CHEATHAM";26502;86;"14351";"39";"12468";"58";"20210527_CHEATHAM"
"2021-01-02";"HUMPHREYS";389;158;"";"";"";"";"20210102_HUMPHREYS"
"2021-01-23";"WILSON";8572;139;"6396";"136";"2168";"3";"20210123_WILSON"
"2021-02-02";"UNICOI";2895;66;"2342";"49";"546";"17";"20210202_UNICOI"
"2021-02-25";"COCKE";6131;143;"4399";"135";"1720";"8";"20210225_COCKE"
"2021-03-22";"BLEDSOE";3292;57;"2371";"54";"1138";"27";"20210322_BLEDSOE"
"2021-04-09";"POLK";6785;110;"4339";"68";"2575";"64";"20210409_POLK"
"2021-04-13";"CAMPBELL";16611;244;"10515";"94";"6621";"170";"20210413_CAMPBELL"
"2021-04-15";"CUMBERLAND";32984;475;"19513";"67";"14250";"411";"20210415_CUMBERLAND"
"2021-04-26";"CROCKETT";7606;25;"4287";"11";"3445";"14";"20210426_CROCKETT"
"2021-05-16";"WILLIAMSON";209469;894;"113487";"616";"99425";"344";"20210516_WILLIAMSON"
"2021-05-29";"LEWIS";5918;10;"3142";"3";"2788";"7";"20210529_LEWIS"
"2021-05-31";"RUTHERFORD";206362;431;"115946";"213";"98206";"229";"20210531_RUTHERFORD"
"2020-12-20";"WILSON";230;131;"";"";"";"";"20201220_WILSON"
"2021-01-29";"BLOUNT";13034;1048;"9296";"644";"3731";"404";"20210129_BLOUNT"
"2021-02-05";"DYER";4828;388;"3392";"298";"1424";"88";"20210205_DYER"
"2021-02-15";"MONROE";5616;21;"3692";"17";"1904";"4";"20210215_MONROE"
"2021-02-17";"HENDERSON";5798;12;"3918";"11";"1876";"1";"20210217_HENDERSON"
"2021-02-20";"COFFEE";7748;134;"5796";"35";"1948";"100";"20210220_COFFEE"
"2021-02-20";"CROCKETT";3248;-2;"1986";"-2";"1252";"0";"20210220_CROCKETT"
"2021-02-21";"STEWART";1920;7;"1328";"6";"592";"1";"20210221_STEWART"
"2021-03-10";"SMITH";4023;145;"2478";"46";"1525";"97";"20210310_SMITH"
"2021-03-22";"OVERTON";6536;49;"4202";"34";"2353";"20";"20210322_OVERTON"
"2021-03-31";"RUTHERFORD";97372;2852;"65087";"1627";"36469";"1355";"20210331_RUTHERFORD"
"2021-04-04";"MEIGS";6782;11;"4434";"10";"2500";"7";"20210404_MEIGS"
"2021-04-10";"FAYETTE";21321;410;"13628";"212";"8102";"244";"20210410_FAYETTE"
"2021-04-30";"TIPTON";24155;293;"14285";"59";"10498";"235";"20210430_TIPTON"
"2021-05-04";"HARDIN";13247;130;"7386";"36";"6227";"96";"20210504_HARDIN"
"2021-05-15";"DICKSON";30961;236;"16933";"85";"14356";"152";"20210515_DICKSON"
"2021-05-26";"ANDERSON";60224;170;"32694";"85";"28585";"94";"20210526_ANDERSON"
"2021-05-28";"LAWRENCE";21216;67;"11387";"18";"9908";"45";"20210528_LAWRENCE"
"2021-05-29";"CHESTER";8511;23;"4548";"13";"4070";"10";"20210529_CHESTER"
"2021-05-30";"SHELBY";633572;1163;"363231";"595";"277624";"579";"20210530_SHELBY"
"2021-06-02";"DECATUR";6208;12;"3294";"4";"2904";"7";"20210602_DECATUR"
"2021-01-31";"ANDERSON";6469;26;"4253";"23";"2204";"3";"20210131_ANDERSON"
"2021-03-13";"VAN BUREN";2342;40;"1523";"24";"826";"19";"20210313_VAN BUREN"
"2021-03-16";"HANCOCK";1932;36;"1149";"23";"769";"13";"20210316_HANCOCK"
"2021-03-27";"WAYNE";6572;146;"4136";"54";"2637";"121";"20210327_WAYNE"
"2021-04-01";"TIPTON";16700;459;"11067";"367";"5902";"100";"20210401_TIPTON"
"2021-04-02";"UNICOI";9139;76;"5616";"42";"3584";"56";"20210402_UNICOI"
"2021-04-05";"CAMPBELL";14724;200;"9559";"150";"5480";"63";"20210405_CAMPBELL"
"2021-04-13";"CANNON";4073;45;"2565";"25";"1623";"31";"20210413_CANNON"
"2021-04-14";"OUT OF STATE";116594;4599;"78333";"3655";"43820";"1069";"20210414_OUT OF STATE"
"2021-05-07";"CROCKETT";8135;76;"4426";"34";"3826";"49";"20210507_CROCKETT"
